{
    "header": {
        "menu": [
            {
                "name": "Hesaplar",
                "key": "hesaplar",
                "link": "/",
                "icon": "filled",
                "active": true,
                "sublist": [
                    {
                        "name": "Menu 1",
                        "key": "menu-1",
                        "link": "/"
                    },
                    {
                        "name": "Menu 2",
                        "key": "menu-2",
                        "link": "/"
                    },
                    {
                        "name": "Menu 3",
                        "key": "menu-3",
                        "link": "/"
                    },
                    {
                        "name": "Menu 4",
                        "key": "menu-4",
                        "link": "/"
                    },
                    {
                        "name": "Menu 5",
                        "key": "menu-5",
                        "link": "/"
                    },
                    {
                        "name": "Menu 6",
                        "key": "menu-6",
                        "link": "/"
                    },
                    {
                        "name": "Menu 7",
                        "key": "menu-7",
                        "link": "/"
                    }
                ]
            },
            {
                "name": "Kartlar",
                "key": "kartlar",
                "link": "/",
                "icon": "card",
                "active": false
            },
            {
                "name": "İşlemler",
                "key": "islemler",
                "link": "/",
                "icon": "function",
                "active": false
            },
            {
                "name": "Kampanyalar",
                "key": "kampanyalar",
                "link": "/",
                "icon": "star",
                "active": false
            }
        ]
    },
    "promo": {
        "title": "SİZE ÖZEL KAMPANYALAR",
        "list": [
            {
                "title": "TURKCELL KAMPANYASI",
                "description": "Fatura ödemelerinizde her ay 10 TL kazan dilediğince harca.",
                "url": "/",
                "image": "turkcell.webp"
            },
            {
                "title": "OYUN & E-PIN FIRSATI",
                "description": "Tüm alışverişlerinizde %20 bonus kazanma fırsatını kaçırma.",
                "url": "/",
                "image": "turktelekom.webp"
            },
            {
                "title": "ÜCRETSİZ İŞLEM",
                "description": "Fups App'i hemen indir! Ücretsiz işlem fırsatından sende yararlan.",
                "url": "/",
                "image": "ucretsiz.webp"
            },
            {
                "title": "OYUN & E-PIN FIRSATI",
                "description": "Tüm alışverişlerinizde %20 bonus kazanma fırsatını kaçırma.",
                "url": "/",
                "image": "turktelekom.webp"
            },
            {
                "title": "TURKCELL KAMPANYASI",
                "description": "Fatura ödemelerinizde her ay 10 TL kazan dilediğince harca.",
                "url": "/",
                "image": "turkcell.webp"
            },
            {
                "title": "ÜCRETSİZ İŞLEM",
                "description": "Fups App'i hemen indir! Ücretsiz işlem fırsatından sende yararlan.",
                "url": "/",
                "image": "ucretsiz.webp"
            }
        ]
    },
    "table": {
        "title": "HESAP HAREKETLERİ",
        "link": {
            "text": "Harcama Analizi",
            "to": "/"
        },
        "list": [
            {
                "key": "10",
                "info": {
                    "icon": "food",
                    "color": "#8066cc",
                    "user": {
                        "name": "Test",
                        "image": "user.webp"
                    }
                },
                "content": {
                    "title": "Burger’s Lab",
                    "description": "Aile Hesabım (Yasemin Pınar)"
                },
                "price": {
                    "total": "200,00",
                    "unit": "₺",
                    "status": "outgoing",
                    "ago": "2 saat önce"
                }
            },
            {
                "key": "20",
                "info": {
                    "icon": "money",
                    "color": "#26bf66",
                    "user": {
                        "name": "Test",
                        "image": "user.webp"
                    }
                },
                "content": {
                    "title": "Gelen Transfer",
                    "description": "Dolar Hesabım (Erman Karakaya)"
                },
                "price": {
                    "total": "140,00",
                    "unit": "$",
                    "status": "ingoing",
                    "ago": "6 saat önce"
                }
            },
            {
                "key": "30",
                "info": {
                    "icon": "gold",
                    "color": "#ffb44d"
                },
                "content": {
                    "title": "Para Yükle",
                    "description": "Altın Hesabım"
                },
                "price": {
                    "total": "2,00",
                    "unit": "gr",
                    "status": "buy",
                    "ago": "12 saat önce"
                }
            },
            {
                "key": "40",
                "info": {
                    "icon": "money",
                    "color": "#26bf66",
                    "user": {
                        "name": "Test",
                        "image": "user.webp"
                    }
                },
                "content": {
                    "title": "Gelen Transfer",
                    "description": "Dolar Hesabım (Erman Karakaya)"
                },
                "price": {
                    "total": "140,00",
                    "unit": "$",
                    "status": "ingoing",
                    "ago": "6 saat önce"
                }
            },
            {
                "key": "50",
                "info": {
                    "icon": "gold",
                    "color": "#ffb44d"
                },
                "content": {
                    "title": "Para Yükle",
                    "description": "Altın Hesabım"
                },
                "price": {
                    "total": "2,00",
                    "unit": "gr",
                    "status": "buy",
                    "ago": "12 saat önce"
                }
            },
            {
                "key": "60",
                "info": {
                    "icon": "food",
                    "color": "#8066cc",
                    "user": {
                        "name": "Test",
                        "image": "user.webp"
                    }
                },
                "content": {
                    "title": "Burger’s Lab",
                    "description": "Aile Hesabım (Yasemin Pınar)"
                },
                "price": {
                    "total": "200,00",
                    "unit": "₺",
                    "status": "outgoing",
                    "ago": "2 saat önce"
                }
            },
            {
                "key": "70",
                "info": {
                    "icon": "food",
                    "color": "#8066cc",
                    "user": {
                        "name": "Test",
                        "image": "user.webp"
                    }
                },
                "content": {
                    "title": "Burger’s Lab",
                    "description": "Aile Hesabım (Yasemin Pınar)"
                },
                "price": {
                    "total": "200,00",
                    "unit": "₺",
                    "status": "outgoing",
                    "ago": "2 saat önce"
                }
            },
            {
                "key": "80",
                "info": {
                    "icon": "money",
                    "color": "#26bf66",
                    "user": {
                        "name": "Test",
                        "image": "user.webp"
                    }
                },
                "content": {
                    "title": "Gelen Transfer",
                    "description": "Dolar Hesabım (Erman Karakaya)"
                },
                "price": {
                    "total": "140,00",
                    "unit": "$",
                    "status": "ingoing",
                    "ago": "6 saat önce"
                }
            },
            {
                "key": "90",
                "info": {
                    "icon": "gold",
                    "color": "#ffb44d"
                },
                "content": {
                    "title": "Para Yükle",
                    "description": "Altın Hesabım"
                },
                "price": {
                    "total": "2,00",
                    "unit": "gr",
                    "status": "buy",
                    "ago": "12 saat önce"
                }
            },
            {
                "key": "100",
                "info": {
                    "icon": "money",
                    "color": "#26bf66",
                    "user": {
                        "name": "Test",
                        "image": "user.webp"
                    }
                },
                "content": {
                    "title": "Gelen Transfer",
                    "description": "Dolar Hesabım (Erman Karakaya)"
                },
                "price": {
                    "total": "140,00",
                    "unit": "$",
                    "status": "ingoing",
                    "ago": "6 saat önce"
                }
            },
            {
                "key": "110",
                "info": {
                    "icon": "gold",
                    "color": "#ffb44d"
                },
                "content": {
                    "title": "Para Yükle",
                    "description": "Altın Hesabım"
                },
                "price": {
                    "total": "2,00",
                    "unit": "gr",
                    "status": "buy",
                    "ago": "12 saat önce"
                }
            },
            {
                "key": "120",
                "info": {
                    "icon": "food",
                    "color": "#8066cc",
                    "user": {
                        "name": "Test",
                        "image": "user.webp"
                    }
                },
                "content": {
                    "title": "Burger’s Lab",
                    "description": "Aile Hesabım (Yasemin Pınar)"
                },
                "price": {
                    "total": "200,00",
                    "unit": "₺",
                    "status": "outgoing",
                    "ago": "2 saat önce"
                }
            }
        ]
    },
    "banner": {
        "title": "Sosyal hesaplar sizlerle!",
        "description": "Lorem ipsum dolor sit amet, consectetur adipiscing eliti, donec rhoncus velit enim, ut malesuada erat dignissim sed.",
        "url": {
            "link": "/",
            "text": "Hemen Satın Al"
        },
        "image": "social.webp"
    }
}